<beans xmlns="http://www.springframework.org/schema/beans"
	xmlns:xsi="http://www.w3.org/2001/XMLSchema-instance"
	xsi:schemaLocation="http://www.springframework.org/schema/beans
	http://www.springframework.org/schema/beans/spring-beans.xsd">
 
 	<bean id="projectDS" class="org.springframework.jdbc.datasource.DriverManagerDataSource">
		<property name="driverClassName" value="org.h2.Driver" />
		<property name="url" value="jdbc:h2:mem:db;DB_CLOSE_DELAY=-1" />
		<property name="username" value="sa" />
    	<property name="password" value="sa" /> 
	</bean>

 	<!-- bean id="registrationDS" class="org.springframework.jdbc.datasource.DriverManagerDataSource">
		<property name="driverClassName" value="com.mysql.jdbc.Driver" />
		<property name="url" value="jdbc:mysql://localhost:3306/registrationdb" />
		<property name="username" value="root" />
    	<property name="password" value="" /> 
	</bean> -->

	

</beans>