<?xml version="1.0" encoding="UTF-8"?>
<beans xmlns="http://www.springframework.org/schema/beans"
   xmlns:xsi="http://www.w3.org/2001/XMLSchema-instance"
   xsi:schemaLocation="http://www.springframework.org/schema/beans 
       http://www.springframework.org/schema/beans/spring-beans-2.0.xsd">
       
       <bean id="catalogJava" class="com.uciext.springfw.hw.catalog.model.Catalog">
       		<property name="catalogName" value="Java Books" />
       		<property name="lastUpdateDate" value="06/05/2014"/>
       </bean>
       
       <bean id="catalogService" class="com.uciext.springfw.hw.catalog.service.impl.CatalogServiceImpl">
       	<property name="catalog1" ref="catalogJava"></property>
       </bean>
 </beans>